[{"model": "admin.logentry", "pk": 1, "fields": {"action_time": "2022-03-17T13:15:21.470Z", "user": 1, "content_type": 8, "object_id": "1", "object_repr": "stina91@live.se", "action_flag": 2, "change_message": "[{\"changed\": {\"fields\": [\"Primary\"]}}]"}}, {"model": "admin.logentry", "pk": 2, "fields": {"action_time": "2022-03-22T11:24:59.806Z", "user": 1, "content_type": 13, "object_id": "1", "object_repr": "Raw gemstones", "action_flag": 1, "change_message": "[{\"added\": {}}]"}}, {"model": "admin.logentry", "pk": 3, "fields": {"action_time": "2022-03-22T11:25:15.327Z", "user": 1, "content_type": 13, "object_id": "2", "object_repr": "Clusters", "action_flag": 1, "change_message": "[{\"added\": {}}]"}}, {"model": "admin.logentry", "pk": 4, "fields": {"action_time": "2022-03-22T11:25:35.162Z", "user": 1, "content_type": 13, "object_id": "3", "object_repr": "Trumbled stones", "action_flag": 1, "change_message": "[{\"added\": {}}]"}}, {"model": "admin.logentry", "pk": 5, "fields": {"action_time": "2022-03-22T11:27:07.540Z", "user": 1, "content_type": 14, "object_id": "1", "object_repr": "Amethyst Cluster", "action_flag": 1, "change_message": "[{\"added\": {}}]"}}, {"model": "admin.logentry", "pk": 6, "fields": {"action_time": "2022-03-22T11:58:04.413Z", "user": 1, "content_type": 14, "object_id": "2", "object_repr": "Trumlad", "action_flag": 1, "change_message": "[{\"added\": {}}]"}}, {"model": "admin.logentry", "pk": 7, "fields": {"action_time": "2022-03-22T11:58:20.303Z", "user": 1, "content_type": 14, "object_id": "2", "object_repr": "Trumlad", "action_flag": 2, "change_message": "[{\"changed\": {\"fields\": [\"Image\"]}}]"}}, {"model": "admin.logentry", "pk": 8, "fields": {"action_time": "2022-03-23T09:02:06.863Z", "user": 1, "content_type": 13, "object_id": "4", "object_repr": "Towers", "action_flag": 1, "change_message": "[{\"added\": {}}]"}}, {"model": "admin.logentry", "pk": 9, "fields": {"action_time": "2022-03-23T09:02:35.099Z", "user": 1, "content_type": 13, "object_id": "5", "object_repr": "Big Crystals", "action_flag": 1, "change_message": "[{\"added\": {}}]"}}, {"model": "admin.logentry", "pk": 10, "fields": {"action_time": "2022-03-23T09:02:53.351Z", "user": 1, "content_type": 13, "object_id": "6", "object_repr": "Tarot Cards", "action_flag": 1, "change_message": "[{\"added\": {}}]"}}, {"model": "admin.logentry", "pk": 11, "fields": {"action_time": "2022-03-23T09:03:10.615Z", "user": 1, "content_type": 13, "object_id": "7", "object_repr": "Books", "action_flag": 1, "change_message": "[{\"added\": {}}]"}}, {"model": "admin.logentry", "pk": 12, "fields": {"action_time": "2022-03-23T09:04:07.777Z", "user": 1, "content_type": 13, "object_id": "8", "object_repr": "Incenses Burners", "action_flag": 1, "change_message": "[{\"added\": {}}]"}}, {"model": "admin.logentry", "pk": 13, "fields": {"action_time": "2022-03-23T09:04:21.046Z", "user": 1, "content_type": 13, "object_id": "9", "object_repr": "White Sage", "action_flag": 1, "change_message": "[{\"added\": {}}]"}}, {"model": "admin.logentry", "pk": 14, "fields": {"action_time": "2022-03-23T09:05:21.225Z", "user": 1, "content_type": 14, "object_id": "1", "object_repr": "Amethyst Cluster", "action_flag": 3, "change_message": ""}}, {"model": "admin.logentry", "pk": 15, "fields": {"action_time": "2022-03-23T09:05:21.248Z", "user": 1, "content_type": 14, "object_id": "2", "object_repr": "Trumlad", "action_flag": 3, "change_message": ""}}, {"model": "admin.logentry", "pk": 16, "fields": {"action_time": "2022-03-23T09:09:22.610Z", "user": 1, "content_type": 14, "object_id": "3", "object_repr": "Raw Rock Crystal", "action_flag": 1, "change_message": "[{\"added\": {}}]"}}, {"model": "admin.logentry", "pk": 17, "fields": {"action_time": "2022-03-23T09:10:11.473Z", "user": 1, "content_type": 13, "object_id": "10", "object_repr": "Free Shaped", "action_flag": 1, "change_message": "[{\"added\": {}}]"}}, {"model": "admin.logentry", "pk": 18, "fields": {"action_time": "2022-03-23T09:16:40.025Z", "user": 1, "content_type": 14, "object_id": "4", "object_repr": "Turquoise", "action_flag": 1, "change_message": "[{\"added\": {}}]"}}, {"model": "admin.logentry", "pk": 19, "fields": {"action_time": "2022-03-23T09:18:38.394Z", "user": 1, "content_type": 14, "object_id": "5", "object_repr": "Amet", "action_flag": 1, "change_message": "[{\"added\": {}}]"}}, {"model": "admin.logentry", "pk": 20, "fields": {"action_time": "2022-03-23T09:21:25.763Z", "user": 1, "content_type": 14, "object_id": "6", "object_repr": "Honey Calcite", "action_flag": 1, "change_message": "[{\"added\": {}}]"}}, {"model": "admin.logentry", "pk": 21, "fields": {"action_time": "2022-03-23T09:22:00.350Z", "user": 1, "content_type": 14, "object_id": "7", "object_repr": "Honey Calcite Tower", "action_flag": 1, "change_message": "[{\"added\": {}}]"}}, {"model": "admin.logentry", "pk": 22, "fields": {"action_time": "2022-03-23T09:24:31.897Z", "user": 1, "content_type": 14, "object_id": "5", "object_repr": "Amethyst Cluster", "action_flag": 2, "change_message": "[{\"changed\": {\"fields\": [\"Name\"]}}]"}}, {"model": "admin.logentry", "pk": 23, "fields": {"action_time": "2022-03-23T09:25:01.511Z", "user": 1, "content_type": 14, "object_id": "8", "object_repr": "Amethyst Tower", "action_flag": 1, "change_message": "[{\"added\": {}}]"}}, {"model": "admin.logentry", "pk": 24, "fields": {"action_time": "2022-03-23T09:27:40.360Z", "user": 1, "content_type": 14, "object_id": "9", "object_repr": "Obsidian Tower", "action_flag": 1, "change_message": "[{\"added\": {}}]"}}, {"model": "admin.logentry", "pk": 25, "fields": {"action_time": "2022-03-23T09:29:47.892Z", "user": 1, "content_type": 14, "object_id": "10", "object_repr": "Selenite Charging Strip", "action_flag": 1, "change_message": "[{\"added\": {}}]"}}, {"model": "admin.logentry", "pk": 26, "fields": {"action_time": "2022-03-23T09:32:02.804Z", "user": 1, "content_type": 14, "object_id": "11", "object_repr": "Trumbled Orange Calcite", "action_flag": 1, "change_message": "[{\"added\": {}}]"}}, {"model": "admin.logentry", "pk": 27, "fields": {"action_time": "2022-03-23T09:32:28.358Z", "user": 1, "content_type": 14, "object_id": "6", "object_repr": "Honey Calcite", "action_flag": 2, "change_message": "[{\"changed\": {\"fields\": [\"Image\"]}}]"}}, {"model": "admin.logentry", "pk": 28, "fields": {"action_time": "2022-03-23T09:32:40.342Z", "user": 1, "content_type": 14, "object_id": "9", "object_repr": "Obsidian Tower", "action_flag": 2, "change_message": "[{\"changed\": {\"fields\": [\"Sku\"]}}]"}}, {"model": "admin.logentry", "pk": 29, "fields": {"action_time": "2022-03-23T09:32:48.951Z", "user": 1, "content_type": 14, "object_id": "9", "object_repr": "Obsidian Tower", "action_flag": 2, "change_message": "[{\"changed\": {\"fields\": [\"Sku\"]}}]"}}, {"model": "admin.logentry", "pk": 30, "fields": {"action_time": "2022-03-23T09:34:57.668Z", "user": 1, "content_type": 14, "object_id": "12", "object_repr": "Healing Mantra Deck", "action_flag": 1, "change_message": "[{\"added\": {}}]"}}, {"model": "admin.logentry", "pk": 31, "fields": {"action_time": "2022-03-23T09:36:44.539Z", "user": 1, "content_type": 14, "object_id": "13", "object_repr": "Fantasy Cats Oracle", "action_flag": 1, "change_message": "[{\"added\": {}}]"}}, {"model": "admin.logentry", "pk": 32, "fields": {"action_time": "2022-03-23T09:38:29.797Z", "user": 1, "content_type": 14, "object_id": "14", "object_repr": "Chakran: Seven Keys (Swedish)", "action_flag": 1, "change_message": "[{\"added\": {}}]"}}, {"model": "admin.logentry", "pk": 33, "fields": {"action_time": "2022-03-23T09:45:11.486Z", "user": 1, "content_type": 14, "object_id": "15", "object_repr": "Orca Agat", "action_flag": 1, "change_message": "[{\"added\": {}}]"}}, {"model": "admin.logentry", "pk": 34, "fields": {"action_time": "2022-03-23T10:31:47.598Z", "user": 1, "content_type": 13, "object_id": "10", "object_repr": "freeshape", "action_flag": 2, "change_message": "[{\"changed\": {\"fields\": [\"Name\"]}}]"}}, {"model": "admin.logentry", "pk": 35, "fields": {"action_time": "2022-03-23T10:31:57.878Z", "user": 1, "content_type": 13, "object_id": "9", "object_repr": "whitesage", "action_flag": 2, "change_message": "[{\"changed\": {\"fields\": [\"Name\"]}}]"}}, {"model": "admin.logentry", "pk": 36, "fields": {"action_time": "2022-03-23T10:32:14.011Z", "user": 1, "content_type": 13, "object_id": "8", "object_repr": "incensesburners", "action_flag": 2, "change_message": "[{\"changed\": {\"fields\": [\"Name\"]}}]"}}, {"model": "admin.logentry", "pk": 37, "fields": {"action_time": "2022-03-23T10:32:21.354Z", "user": 1, "content_type": 13, "object_id": "7", "object_repr": "books", "action_flag": 2, "change_message": "[{\"changed\": {\"fields\": [\"Name\"]}}]"}}, {"model": "admin.logentry", "pk": 38, "fields": {"action_time": "2022-03-23T10:32:32.399Z", "user": 1, "content_type": 13, "object_id": "6", "object_repr": "tarotcards", "action_flag": 2, "change_message": "[{\"changed\": {\"fields\": [\"Name\"]}}]"}}, {"model": "admin.logentry", "pk": 39, "fields": {"action_time": "2022-03-23T10:32:43.299Z", "user": 1, "content_type": 13, "object_id": "5", "object_repr": "bigcrystals", "action_flag": 2, "change_message": "[{\"changed\": {\"fields\": [\"Name\"]}}]"}}, {"model": "admin.logentry", "pk": 40, "fields": {"action_time": "2022-03-23T10:32:50.781Z", "user": 1, "content_type": 13, "object_id": "4", "object_repr": "towers", "action_flag": 2, "change_message": "[{\"changed\": {\"fields\": [\"Name\"]}}]"}}, {"model": "admin.logentry", "pk": 41, "fields": {"action_time": "2022-03-23T10:33:02.293Z", "user": 1, "content_type": 13, "object_id": "3", "object_repr": "trumbled", "action_flag": 2, "change_message": "[{\"changed\": {\"fields\": [\"Name\"]}}]"}}, {"model": "admin.logentry", "pk": 42, "fields": {"action_time": "2022-03-23T10:33:09.357Z", "user": 1, "content_type": 13, "object_id": "2", "object_repr": "clusters", "action_flag": 2, "change_message": "[{\"changed\": {\"fields\": [\"Name\"]}}]"}}, {"model": "admin.logentry", "pk": 43, "fields": {"action_time": "2022-03-23T10:33:26.807Z", "user": 1, "content_type": 13, "object_id": "1", "object_repr": "raw", "action_flag": 2, "change_message": "[{\"changed\": {\"fields\": [\"Name\"]}}]"}}, {"model": "admin.logentry", "pk": 44, "fields": {"action_time": "2022-03-30T10:26:06.060Z", "user": 1, "content_type": 16, "object_id": "1", "object_repr": "6C502E337D3F49E79D1415B29672CA40", "action_flag": 3, "change_message": ""}}, {"model": "admin.logentry", "pk": 45, "fields": {"action_time": "2022-04-01T09:40:59.480Z", "user": 1, "content_type": 16, "object_id": "7", "object_repr": "5CDD53813DDC445CAD724CB8EC75F554", "action_flag": 3, "change_message": ""}}, {"model": "admin.logentry", "pk": 46, "fields": {"action_time": "2022-04-01T09:40:59.502Z", "user": 1, "content_type": 16, "object_id": "6", "object_repr": "1664935571A9455284F43A4D17D4D1DE", "action_flag": 3, "change_message": ""}}, {"model": "admin.logentry", "pk": 47, "fields": {"action_time": "2022-04-01T09:40:59.522Z", "user": 1, "content_type": 16, "object_id": "5", "object_repr": "3604D5578C094968982A09EAF25C03A5", "action_flag": 3, "change_message": ""}}, {"model": "admin.logentry", "pk": 48, "fields": {"action_time": "2022-04-01T09:40:59.542Z", "user": 1, "content_type": 16, "object_id": "4", "object_repr": "3FCECE36AD964A7A8C5857942BD025FF", "action_flag": 3, "change_message": ""}}, {"model": "admin.logentry", "pk": 49, "fields": {"action_time": "2022-04-01T09:40:59.562Z", "user": 1, "content_type": 16, "object_id": "3", "object_repr": "8BA8EB8170C3420FA39874640CA78483", "action_flag": 3, "change_message": ""}}, {"model": "admin.logentry", "pk": 50, "fields": {"action_time": "2022-04-01T09:40:59.583Z", "user": 1, "content_type": 16, "object_id": "2", "object_repr": "A03E66B1B28A413B968D1821D73E7ADE", "action_flag": 3, "change_message": ""}}, {"model": "admin.logentry", "pk": 51, "fields": {"action_time": "2022-04-11T09:33:55.143Z", "user": 1, "content_type": 14, "object_id": "16", "object_repr": "test", "action_flag": 3, "change_message": ""}}, {"model": "auth.user", "pk": 1, "fields": {"password": "pbkdf2_sha256$260000$K0JSd7zJf3V6NmUnGRvw4G$6Qo5PH5wSow3GSidp0UvbsOqito8y4i+E0mviAHfeMw=", "last_login": "2022-04-13T10:00:50.032Z", "is_superuser": true, "username": "stina", "first_name": "", "last_name": "", "email": "stina91@live.se", "is_staff": true, "is_active": true, "date_joined": "2022-03-17T13:11:17.916Z", "groups": [], "user_permissions": []}}, {"model": "auth.user", "pk": 2, "fields": {"password": "pbkdf2_sha256$260000$Ktolcu7Ebc3zBM4kHHaqKc$U6nOrEq5Nw29BaRClh2V7vVx03xJwFPuqI5m3HnrfWA=", "last_login": null, "is_superuser": false, "username": "testtest", "first_name": "", "last_name": "", "email": "test@test.com", "is_staff": false, "is_active": true, "date_joined": "2022-04-08T09:23:31.930Z", "groups": [], "user_permissions": []}}, {"model": "auth.user", "pk": 3, "fields": {"password": "pbkdf2_sha256$260000$lPR0RaU5Coeis8R9OSyCbi$ZUT3aoBPkrrbKy+14VoF+hm1ed07vcpAwtWlCEAzutg=", "last_login": "2022-04-13T09:55:52.152Z", "is_superuser": false, "username": "hellothere", "first_name": "", "last_name": "", "email": "test@mail.com", "is_staff": false, "is_active": true, "date_joined": "2022-04-08T09:30:42.730Z", "groups": [], "user_permissions": []}}, {"model": "sessions.session", "pk": "4owdem0ftvirjot0f7x4u3243y27suwz", "fields": {"session_data": ".eJxVjMsOwiAUBf-FtSFAKY8u3fsNhAsXixow0CYa479rky50e2bOvIjz6zK7tWNzOZKJcHL43cCHK5YNxIsv50pDLUvLQDeF7rTTU414O-7uX2D2ff6-bdCDVZJbzgVYw4aUkhwVT0bwCNonYTUMGrgyTHgrTbAaBUOQMEIa1Rbt2HuuxeHjntuTTOz9AVN0PmQ:1ndqll:aYoWxw0S6WVl0QAF0U6m96qKSB4J429WLBbyQ6X4gHU", "expire_date": "2022-04-25T09:55:37.689Z"}}, {"model": "sessions.session", "pk": "6uqoonyboy2k08uj3esk0x42svouqrf4", "fields": {"session_data": "e30:1nckiC:O5EWFmHKVvYiCDTvQJoOeL7o_wtJY0Ya1M2AhIWIfw0", "expire_date": "2022-04-22T09:15:24.704Z"}}, {"model": "sessions.session", "pk": "7lin60s1i1c5bzjgsfc0bqj6ol0gulub", "fields": {"session_data": ".eJxVjMsOwiAUBf-FtSFAKY8u3fsNhAsXixow0CYa479rky50e2bOvIjz6zK7tWNzOZKJcHL43cCHK5YNxIsv50pDLUvLQDeF7rTTU414O-7uX2D2ff6-bdCDVZJbzgVYw4aUkhwVT0bwCNonYTUMGrgyTHgrTbAaBUOQMEIa1Rbt2HuuxeHjntuTTOz9AVN0PmQ:1neZnu:j3-QSA6bHRDIHqMDxHqusKLtrG96mzbxClHV-cZj8IU", "expire_date": "2022-04-27T10:00:50.415Z"}}, {"model": "sessions.session", "pk": "dfudkngx026jsdu2jjglnzebxfnxeh7b", "fields": {"session_data": ".eJxVjDkOgzAQRe8ydWThBW9l-pzBmvESSBBIGNIg7h6QaGj_e_9tUPGXQz-WCXzBoeYHBFyXLqw1z6FP4IHDbSOM3zyeIH1wfE8sTuMy98ROhV20steU8vC83Fugw9odbxeNdFpxx7kgZxtZSlGt5sUKnshgEc6QNMS1bQQ6ZaMzWTSZFLVUWn1EI84L-A0keL7vfwEtQcQ:1naDnW:9k_FjYVipkdkkJNwF8MqKeHLIs7oaf7aWo1hwq90btQ", "expire_date": "2022-04-15T09:42:26.689Z"}}, {"model": "sessions.session", "pk": "fwmfkdvnrkzn7dqakfayhqqmysxbtgnu", "fields": {"session_data": "e30:1ncl3O:4s0WZRyE4aGfNXcT5vs4yQdYX-KNdT0wyJfYRMkLwmQ", "expire_date": "2022-04-22T09:37:18.896Z"}}, {"model": "sessions.session", "pk": "ihkcxi5tv4tcgayjer7hbdcvghyk9hp1", "fields": {"session_data": ".eJxVjDkOwjAUBe_yaxR5SbyV9JzB8vdCAshGdiKBotwdIqWA9s28WcG6ZR7t0mK1UwADFE6_Gzp_j3kH4ebytXS-5LlO2O1Kd9DWXUqIj_Ph_gVG18bvW3vJteipppShVoSnlPpB0KQYDShdYloil0iFIszpXnktIyMRexwwDWKPttjaVLKNr-dU32DICbyrM5gVOBi6bR8aF0KS:1ncljz:80hdUn8VAOLZDDadxIPnwCVLBIyOxapqrBB9ZnPYErw", "expire_date": "2022-04-22T10:21:19.906Z"}}, {"model": "sessions.session", "pk": "s1tntsl65a9ycy6wq6ubwqn1fqsas97a", "fields": {"session_data": "eyJhY2NvdW50X3ZlcmlmaWVkX2VtYWlsIjpudWxsLCJhY2NvdW50X3VzZXIiOiIyIn0:1nckwI:XstTwx5pDpmfRQO4HevVWLU2djMNQ0pewCMPf5TbHWM", "expire_date": "2022-04-22T09:29:58.181Z"}}, {"model": "sessions.session", "pk": "t83vv71m2ad4in9or4fevmezmxgexul0", "fields": {"session_data": "eyJzYXZlX2luZm8iOmZhbHNlfQ:1naBuV:1TxyvewgigGjwxKjH8vjCj4LRJ2oDKZl_msqYqmeE6M", "expire_date": "2022-04-15T07:41:31.001Z"}}, {"model": "sessions.session", "pk": "tfom3giy3ol1f6txgd1ne01rx0blyyno", "fields": {"session_data": "e30:1nckhr:RJpMDwQOeTMK8E11ffBFZEv7DuU577VTvK_ttqZqamc", "expire_date": "2022-04-22T09:15:03.627Z"}}, {"model": "sessions.session", "pk": "vgsgzgww13pjr8f0a0fhhco3186fme69", "fields": {"session_data": "e30:1ncl3v:yRAIbbyrnghG5XiISyrFRYW3UUbWCi5dXQtNoWBpPGU", "expire_date": "2022-04-22T09:37:51.769Z"}}, {"model": "sessions.session", "pk": "zy09orlazcgafh6w28afoojprba99ovi", "fields": {"session_data": "eyJhY2NvdW50X3ZlcmlmaWVkX2VtYWlsIjpudWxsLCJhY2NvdW50X3VzZXIiOiIzIn0:1nckxk:Xdo6tUmkAvOHhC0xC2tgZtgcX8iGVZfRZ9chg1Zp_Yg", "expire_date": "2022-04-22T09:31:28.875Z"}}, {"model": "sites.site", "pk": 1, "fields": {"domain": "example.com", "name": "example.com"}}, {"model": "account.emailaddress", "pk": 1, "fields": {"user": 1, "email": "stina91@live.se", "verified": true, "primary": true}}, {"model": "account.emailaddress", "pk": 2, "fields": {"user": 2, "email": "test@test.com", "verified": true, "primary": true}}, {"model": "account.emailaddress", "pk": 3, "fields": {"user": 3, "email": "test@mail.com", "verified": true, "primary": true}}, {"model": "products.category", "pk": 1, "fields": {"name": "raw", "friendly_name": "Raw Gemstones"}}, {"model": "products.category", "pk": 2, "fields": {"name": "clusters", "friendly_name": "Clusters"}}, {"model": "products.category", "pk": 3, "fields": {"name": "trumbled", "friendly_name": "Trumbled Gemstones"}}, {"model": "products.category", "pk": 4, "fields": {"name": "towers", "friendly_name": "Towers"}}, {"model": "products.category", "pk": 5, "fields": {"name": "bigcrystals", "friendly_name": "Big Crystals"}}, {"model": "products.category", "pk": 6, "fields": {"name": "tarotcards", "friendly_name": "Tarot Cards"}}, {"model": "products.category", "pk": 7, "fields": {"name": "books", "friendly_name": "Books"}}, {"model": "products.category", "pk": 8, "fields": {"name": "incensesburners", "friendly_name": "Incenses Burners"}}, {"model": "products.category", "pk": 9, "fields": {"name": "whitesage", "friendly_name": "White Sage"}}, {"model": "products.category", "pk": 10, "fields": {"name": "freeshape", "friendly_name": "Free Shaped Crystals"}}, {"model": "products.product", "pk": 3, "fields": {"category": 1, "sku": "1", "name": "Raw Rock Crystal", "description": "In ancient times, clear quartz, which is called rock crystal, was used to carve crystal balls, and people believed they could see into the future by gazing into them.\r\nWearing, carrying or meditating with a clear quartz crystal is said to open the mind and heart to higher guidance, allowing the realm of spirit to be transmitted and translated into the world of physical form.\r\nRock crystal may be said to be associated with new beginnings. It is the birthstone for April, when signs of spring begin to emerge, and the gemstone associated with Monday, the beginning of the work week. It is, perhaps, a harbinger of all things possible.", "has_quality": false, "price": "20.00", "image": "IMG_0702.JPEG", "rating": null}}, {"model": "products.product", "pk": 4, "fields": {"category": 3, "sku": "2", "name": "Turquoise", "description": "In many cultures of the Old and New Worlds, this gemstone has been esteemed for thousands of years as a holy stone, a bringer of good fortune or a talisman.\r\nAt all times and over the world, turquoises have been worn as natural protection against the powers of darkness. \r\nIn modern gemstone therapy, those suffering from depression are recommended to wear a turquoise or a chain with turquoise beads. The turquoise' cheerful colour is said to endow reticent personalities with more confidence.", "has_quality": false, "price": "30.00", "image": "IMG_0728.JPEG", "rating": null}}, {"model": "products.product", "pk": 5, "fields": {"category": 2, "sku": "3", "name": "Amethyst Cluster", "description": "The amethyst is extravagance in violet. For many thousands of years, the most striking representative of the quartz family has been a jewel coveted by princes both ecclesiastical and secular.\r\nAmethyst has also been said to quell excessive stomach acid and, according to Hildegard von Bingen, served to combat insect bites and beautify the skin. But the amethyst not only had a firm niche in medicine; it was also esteemed as a stone of friendship.", "has_quality": false, "price": "30.00", "image": "IMG_0703.JPEG", "rating": null}}, {"model": "products.product", "pk": 6, "fields": {"category": 3, "sku": "4", "name": "Honey Calcite", "description": "This mineral resonates with the Root, Solar, and Third-Eye chakras creating a powerful trifecta of personal will and creation. The golden warmth of this crystal is felt upon first touch, providing the user with a link to Mother Earth's energies. This strong connection is great for accomplishing high-effort tasks and projects. When our personal will is rooted, we are more inclined to push ourselves to the finish line. The hardest part of doing something is getting started, and Honey Calcite encourages us to get up and get going.", "has_quality": false, "price": "10.00", "image": "IMG_0693.JPEG", "rating": null}}, {"model": "products.product", "pk": 7, "fields": {"category": 4, "sku": "5", "name": "Honey Calcite Tower", "description": "This mineral resonates with the Root, Solar, and Third-Eye chakras creating a powerful trifecta of personal will and creation. The golden warmth of this crystal is felt upon first touch, providing the user with a link to Mother Earth's energies. This strong connection is great for accomplishing high-effort tasks and projects. When our personal will is rooted, we are more inclined to push ourselves to the finish line. The hardest part of doing something is getting started, and Honey Calcite encourages us to get up and get going.", "has_quality": false, "price": "25.00", "image": "IMG_0689.JPEG", "rating": null}}, {"model": "products.product", "pk": 8, "fields": {"category": 4, "sku": "6", "name": "Amethyst Tower", "description": "The amethyst is extravagance in violet. For many thousands of years, the most striking representative of the quartz family has been a jewel coveted by princes both ecclesiastical and secular.\r\nAmethyst has also been said to quell excessive stomach acid and, according to Hildegard von Bingen, served to combat insect bites and beautify the skin. But the amethyst not only had a firm niche in medicine; it was also esteemed as a stone of friendship.", "has_quality": false, "price": "25.00", "image": "IMG_0699.JPEG", "rating": null}}, {"model": "products.product", "pk": 9, "fields": {"category": 4, "sku": "9", "name": "Obsidian Tower", "description": "Obsidian is a stone formed by lava that didn’t have enough time to cool into glass. This volcanic glass aids in protection, grounding, and spiritual communication. Known as a “psychic vacuum cleaner”, Black Obsidian gets rid of all the junk and cleanses all negativity out of your auric field and environment. This stone has powerful grounding frequencies and will heavily assist in psychic protection when needed. Obsidian also brings out all of our creative energies so that they may be intertwined and influence our every action.", "has_quality": false, "price": "25.00", "image": "IMG_0720.JPEG", "rating": null}}, {"model": "products.product", "pk": 10, "fields": {"category": 10, "sku": "7", "name": "Selenite Charging Strip", "description": "Selenite is pure white light encapsulated in physical form and is a must-have for every spiritual practitioner. The immense energies of Selenite knows no boundaries when it comes to the restoration of our own auric field and spiritual body. Selenite slices through the air cleansing and recharging any environment it's placed in. It is one of our favorite stones to help remove negative energies that may have been picked up throughout our daily routines. Meditating with a piece over your third eye or crown chakra will allow you to raise your own awareness and intuition levels.", "has_quality": false, "price": "30.00", "image": "IMG_0704.JPEG", "rating": null}}, {"model": "products.product", "pk": 11, "fields": {"category": 3, "sku": "8", "name": "Trumbled Orange Calcite", "description": "Orange Calcite is the perfect stone to use when trying to unlock and unleash ones creative or sexual energies. It’s one of the very few stones that help circulate these energies throughout the body, assisting in removing certain blockages when needed. When our creative and sexual energies are flowing freely, we become more comfortable with ourselves and the current action at hand. This usually leads to an increase in confidence and self esteem. We always recommend Orange Calcite for anyone who feels down on themselves. This calcite variety is a very positive and uplifting stone.", "has_quality": false, "price": "12.00", "image": "IMG_0694_kzvnnKk.JPEG", "rating": null}}, {"model": "products.product", "pk": 12, "fields": {"category": 6, "sku": "10", "name": "Healing Mantra Deck", "description": "This card deck from gifted healer and intuitive Matt Kahn contains 52 channeled mantras that have been encoded with healing energy, to realign your mind, body, heart, and soul. With this deck, users will strengthen their connection to the Universe, and a remembrance of their innate wholeness and perfection. Mantras include: - The light is always within me; - I was born of infi nite joy; - I am worthy of all the pleasure my heart desires; - My intuition fl ows whenever I am still; - And more! Your life's greatest purpose and its deepest meaning will be revealed to you - one magical, healing mantra at a time.", "has_quality": false, "price": "32.00", "image": "IMG_0710.JPEG", "rating": null}}, {"model": "products.product", "pk": 13, "fields": {"category": 6, "sku": "11", "name": "Fantasy Cats Oracle", "description": "Cats are particularly good at expressing wisdom and insight. In the hands of talented Italian artist Paolo Barbieri, cats enter the realm of fantasy to guide us in our search for answers. Whether you are a cat lover, a fan of fantasy or simply love Barbieri's art, this oracle deck is for you. 24 full colour cards & instructions", "has_quality": false, "price": "29.00", "image": "IMG_0709.JPEG", "rating": null}}, {"model": "products.product", "pk": 14, "fields": {"category": 7, "sku": "12", "name": "Chakran: Seven Keys (Swedish)", "description": "In the borderland between your physical and your spiritual body, there is a hidden network of precious jewels. They are called chakras and are often described as spinning wheels of energy or spiritual energy portals. The chakras are connected along a vertical line within you where they form the backbone of the soul - the cornerstone of your life-bearing structure and your innermost source of life force.", "has_quality": false, "price": "29.00", "image": "IMG_0711.JPEG", "rating": null}}, {"model": "products.product", "pk": 15, "fields": {"category": 5, "sku": "13", "name": "Orca Agat", "description": "Named for the beautiful depths of the ocean, as well as the majestic orca whale, Orca Agate is a powerful stone that resonates with the Throat Chakra. It is deeply connected to communication and inner truth and can help one connect to their inner psyche and acknowledge hidden self-truths.\r\nOnce identified, Orca Agate can heal any deep internal emotional wound, thus lending to its reputation as the Forgiveness Stone. In this deeply honest process of self-communication and forgiveness, this stone frees its user from self-doubt and self-loathing, and promotes a gentle inner peace. It is associated with the duality of Gemini.", "has_quality": false, "price": "45.00", "image": "IMG_0700.JPEG", "rating": null}}, {"model": "checkout.order", "pk": 9, "fields": {"order_number": "34F286658548403D8FE64660625692E0", "user_profile": null, "full_name": "Carolin Axelsson", "email": "test@mail.com", "phone_number": "0704509055", "country": "SE", "postcode": "16677", "town_or_city": "stockholm", "delivery_address1": "thegate 12", "delivery_address2": null, "county": "fdsfs", "date": "2022-04-11T07:17:10.350Z", "delivery_cost": "0.00", "order_total": "60.00", "grand_total": "60.00", "original_cart": "{\"5\": 2}", "stripe_pid": "pi_3KnHUUC9IpEuo4QY0wIH92NQ"}}, {"model": "checkout.order", "pk": 10, "fields": {"order_number": "91A051E0EF504C55A7A7CF63F3996E9D", "user_profile": null, "full_name": "Carolin Axelsson", "email": "test@mail.com", "phone_number": "0704509055", "country": "SE", "postcode": "16677", "town_or_city": "stockholm", "delivery_address1": "thegate 12", "delivery_address2": null, "county": "fdsfs", "date": "2022-04-11T07:17:52.446Z", "delivery_cost": "0.00", "order_total": "60.00", "grand_total": "60.00", "original_cart": "{\"5\": 2}", "stripe_pid": "pi_3KnHVGC9IpEuo4QY03oZYjKB"}}, {"model": "checkout.order", "pk": 11, "fields": {"order_number": "1671351F29FB4D92AC78D10A3F935552", "user_profile": 4, "full_name": "Carolin Axelsson", "email": "test@mail.com", "phone_number": "0704509055", "country": "SE", "postcode": "16677", "town_or_city": "stockholm", "delivery_address1": "thegate 12", "delivery_address2": null, "county": "fdsfs", "date": "2022-04-11T07:26:32.955Z", "delivery_cost": "3.00", "order_total": "30.00", "grand_total": "33.00", "original_cart": "{\"5\": 1}", "stripe_pid": "pi_3KnHdfC9IpEuo4QY153ThVLT"}}, {"model": "checkout.order", "pk": 12, "fields": {"order_number": "309C49637B0D47D587A3E599619658D8", "user_profile": 4, "full_name": "Carolin Axelsson testttt", "email": "test@mail.com", "phone_number": "0704509055", "country": "SE", "postcode": "16677", "town_or_city": "stockholm", "delivery_address1": "thegate 12", "delivery_address2": null, "county": "fdsfs", "date": "2022-04-11T07:58:28.272Z", "delivery_cost": "0.00", "order_total": "55.00", "grand_total": "55.00", "original_cart": "{\"4\": 1, \"8\": 1}", "stripe_pid": "pi_3KnI8QC9IpEuo4QY1g0LoYvr"}}, {"model": "checkout.order", "pk": 13, "fields": {"order_number": "B92BDD265DAA4C22A3F55BADDB8CD335", "user_profile": 4, "full_name": "Carolin Axelsson", "email": "test@mail.com", "phone_number": "0704509055", "country": "SE", "postcode": "16677", "town_or_city": "stockholm", "delivery_address1": "thegate 12", "delivery_address2": null, "county": "fdsfs", "date": "2022-04-11T08:04:27.385Z", "delivery_cost": "3.00", "order_total": "30.00", "grand_total": "33.00", "original_cart": "{\"5\": 1}", "stripe_pid": "pi_3KnIELC9IpEuo4QY1tMDhRsf"}}, {"model": "checkout.order", "pk": 14, "fields": {"order_number": "8B86E9A2CD404134AC81D2B625ED6978", "user_profile": 4, "full_name": "Carolin Axelsson", "email": "test@mail.com", "phone_number": "0704509055", "country": "SE", "postcode": "16677", "town_or_city": "stockholm", "delivery_address1": "thegate 12", "delivery_address2": null, "county": "fdsfs", "date": "2022-04-11T08:16:50.242Z", "delivery_cost": "3.00", "order_total": "30.00", "grand_total": "33.00", "original_cart": "{\"5\": 1}", "stripe_pid": "pi_3KnIQKC9IpEuo4QY0k7mk3HX"}}, {"model": "checkout.order", "pk": 15, "fields": {"order_number": "D22D40829C574CB086FFB659BC3F1F56", "user_profile": 4, "full_name": "confimation test", "email": "test@mail.com", "phone_number": "0704509055", "country": "SE", "postcode": "16677", "town_or_city": "stockholm", "delivery_address1": "thegate 12", "delivery_address2": null, "county": "fdsfs", "date": "2022-04-11T08:21:40.992Z", "delivery_cost": "2.90", "order_total": "29.00", "grand_total": "31.90", "original_cart": "{\"14\": 1}", "stripe_pid": "pi_3KnIUfC9IpEuo4QY0CyKQaya"}}, {"model": "checkout.order", "pk": 16, "fields": {"order_number": "96921B1B1D944BB798AC93ABBFFB221D", "user_profile": 4, "full_name": "Stina Axelsson", "email": "stimpen91@gmail.com", "phone_number": "+46704509055", "country": "SE", "postcode": "184 36", "town_or_city": "Åkersberga", "delivery_address1": "Norrgårdsvägen 105, 1301", "delivery_address2": "1301", "county": null, "date": "2022-04-13T09:56:23.431Z", "delivery_cost": "3.00", "order_total": "30.00", "grand_total": "33.00", "original_cart": "{\"5\": 1}", "stripe_pid": "pi_3Ko2vdC9IpEuo4QY1van3HXj"}}, {"model": "checkout.orderlineitem", "pk": 13, "fields": {"order": 9, "product": 5, "quantity": 2, "lineitem_total": "60.00"}}, {"model": "checkout.orderlineitem", "pk": 14, "fields": {"order": 10, "product": 5, "quantity": 2, "lineitem_total": "60.00"}}, {"model": "checkout.orderlineitem", "pk": 15, "fields": {"order": 11, "product": 5, "quantity": 1, "lineitem_total": "30.00"}}, {"model": "checkout.orderlineitem", "pk": 16, "fields": {"order": 12, "product": 4, "quantity": 1, "lineitem_total": "30.00"}}, {"model": "checkout.orderlineitem", "pk": 17, "fields": {"order": 12, "product": 8, "quantity": 1, "lineitem_total": "25.00"}}, {"model": "checkout.orderlineitem", "pk": 18, "fields": {"order": 13, "product": 5, "quantity": 1, "lineitem_total": "30.00"}}, {"model": "checkout.orderlineitem", "pk": 19, "fields": {"order": 14, "product": 5, "quantity": 1, "lineitem_total": "30.00"}}, {"model": "checkout.orderlineitem", "pk": 20, "fields": {"order": 15, "product": 14, "quantity": 1, "lineitem_total": "29.00"}}, {"model": "checkout.orderlineitem", "pk": 21, "fields": {"order": 16, "product": 5, "quantity": 1, "lineitem_total": "30.00"}}, {"model": "profiles.userprofile", "pk": 1, "fields": {"user": 1, "default_phone_number": "+46704509055", "default_country": "SE", "default_postcode": "184 36", "default_town_or_city": "Åkersberga", "default_delivery_address1": "Norrgårdsvägen 105, 1301", "default_delivery_address2": "1301", "default_county": null}}, {"model": "profiles.userprofile", "pk": 2, "fields": {"user": 2, "default_phone_number": null, "default_country": null, "default_postcode": null, "default_town_or_city": null, "default_delivery_address1": null, "default_delivery_address2": null, "default_county": null}}, {"model": "profiles.userprofile", "pk": 4, "fields": {"user": 3, "default_phone_number": null, "default_country": "SE", "default_postcode": "184 36", "default_town_or_city": "Åkersberga", "default_delivery_address1": "Norrgårdsvägen 105, 1301", "default_delivery_address2": "1301", "default_county": null}}]